FILEID,STUSAB,CHARITER,CIFSN,LOGRECNO,P0030001,P0030002,P0030003,P0030004,P0030005,P0030006,P0030007,P0030008,P0030009,P0030010,P0030011,P0030012,P0030013,P0030014,P0030015,P0030016,P0030017,P0030018,P0030019,P0030020,P0030021,P0030022,P0030023,P0030024,P0030025,P0030026,P0030027,P0030028,P0030029,P0030030,P0030031,P0030032,P0030033,P0030034,P0030035,P0030036,P0030037,P0030038,P0030039,P0030040,P0030041,P0030042,P0030043,P0030044,P0030045,P0030046,P0030047,P0030048,P0030049,P0030050,P0030051,P0030052,P0030053,P0030054,P0030055,P0030056,P0030057,P0030058,P0030059,P0030060,P0030061,P0030062,P0030063,P0030064,P0030065,P0030066,P0030067,P0030068,P0030069,P0030070,P0030071,P0040001,P0040002,P0040003,P0040004,P0040005,P0040006,P0040007,P0040008,P0040009,P0040010,P0040011,P0040012,P0040013,P0040014,P0040015,P0040016,P0040017,P0040018,P0040019,P0040020,P0040021,P0040022,P0040023,P0040024,P0040025,P0040026,P0040027,P0040028,P0040029,P0040030,P0040031,P0040032,P0040033,P0040034,P0040035,P0040036,P0040037,P0040038,P0040039,P0040040,P0040041,P0040042,P0040043,P0040044,P0040045,P0040046,P0040047,P0040048,P0040049,P0040050,P0040051,P0040052,P0040053,P0040054,P0040055,P0040056,P0040057,P0040058,P0040059,P0040060,P0040061,P0040062,P0040063,P0040064,P0040065,P0040066,P0040067,P0040068,P0040069,P0040070,P0040071,P0040072,P0040073
uPL,MI,000,02,0000001,7342677,7239684,6028037,958883,39991,128682,1917,82174,102993,97054,8461,30816,10045,905,31684,5686,1368,307,3139,646,67,711,743,2338,138,5398,3102,159,24,327,235,41,394,256,292,24,107,17,126,91,107,25,18,16,5,32,356,149,23,58,15,15,2,23,9,1,17,18,4,1,20,1,170,153,5,1,1,8,2,15,15,7342677,200496,7142181,7052375,5927569,952956,36850,127879,1571,5550,89806,84583,8035,29498,9770,843,23288,5525,1308,273,2246,588,52,313,725,2074,45,4807,2893,143,20,272,202,37,281,233,256,17,98,15,104,78,92,19,15,8,0,24,278,133,20,49,11,8,0,20,1,0,9,3,4,1,19,0,129,116,2,0,1,8,2,9,9
uPL,MS,000,02,0000001,2069471,2057431,1340870,685259,7629,13604,494,9575,12040,11024,895,3994,1246,175,1975,982,473,149,472,102,9,140,143,232,37,809,295,36,3,52,48,5,65,53,24,10,16,4,18,93,48,12,10,11,0,6,131,51,4,12,7,2,0,5,0,0,10,6,0,0,33,1,63,45,5,1,5,4,3,13,13,2069471,27509,2041962,2031531,1327768,681947,7364,13427,429,596,10431,9568,842,3876,1185,163,1182,965,403,128,338,88,7,64,136,182,9,701,276,29,3,45,39,4,57,44,20,7,12,3,17,79,38,7,9,6,0,6,109,42,2,11,7,2,0,5,0,0,8,4,0,0,27,1,40,29,2,0,5,3,1,13,13
uPL,AZ,000,02,0000001,3763685,3685038,2974910,107926,155283,71144,4602,371173,78647,74953,3642,14616,7424,1079,36537,1570,681,103,1933,495,119,2948,1224,2177,405,3372,1047,99,16,257,201,40,551,451,316,77,40,5,60,32,46,13,20,29,10,62,232,64,7,47,12,3,1,33,9,1,40,3,0,2,8,2,86,77,1,2,1,3,2,4,4,3763685,802474,2961211,2918766,2595584,103257,142940,69331,3957,3697,42445,39888,3076,12377,6764,962,9769,1417,630,98,831,336,95,1074,1130,1200,129,2327,827,75,14,138,148,32,246,417,198,25,32,4,41,27,35,6,12,11,4,35,170,58,5,23,9,1,1,26,6,1,26,3,0,2,7,2,60,55,1,2,0,2,0,0,0
uPL,UT,000,02,0000001,1514471,1491972,1366931,11415,18066,27959,8729,58872,22499,21382,845,4366,2987,1158,8838,179,154,41,401,143,89,553,546,782,300,1004,171,19,6,43,67,28,148,337,91,42,6,5,5,8,6,0,10,3,2,7,80,24,2,12,8,2,0,12,4,0,13,1,0,1,0,1,30,26,0,0,0,4,0,3,3,1514471,123364,1391107,1376337,1312182,10546,16358,27580,8563,1108,14770,13913,723,3849,2872,1119,3142,161,133,37,172,110,76,134,531,628,226,778,145,18,6,29,52,24,59,319,61,26,5,4,4,6,6,0,9,0,2,3,64,23,2,8,7,1,0,7,3,0,11,1,0,0,0,1,15,13,0,0,0,2,0,0,0
uPL,VA,000,02,0000001,5340253,5259116,3961442,984085,15947,199733,2952,94957,81137,75886,6071,13090,14381,910,22645,4543,1892,347,5281,690,46,710,1451,3560,269,4673,2176,199,20,420,216,34,286,377,392,44,104,18,100,89,87,33,21,19,7,31,414,183,13,70,21,17,1,35,9,2,37,12,2,0,12,0,156,134,9,0,2,3,8,8,8,5340253,226840,5113413,5049491,3853154,975472,14188,198551,2555,5571,63922,59546,5396,12360,13990,840,11197,4391,1788,319,3809,620,43,196,1413,3123,61,3926,1954,175,19,302,187,32,177,333,323,18,94,16,87,77,66,20,11,8,1,26,328,158,12,46,13,11,0,29,4,0,33,10,1,0,11,0,117,103,4,0,2,3,5,5,5
uPL,GA,000,02,0000001,6017219,5949808,4064946,1602985,16104,129659,3124,132990,67411,62983,4864,14659,7118,629,17534,3996,1949,583,5938,658,47,995,782,2833,398,3697,1434,172,27,358,159,32,318,321,229,36,70,24,105,191,107,40,23,23,1,27,459,133,8,52,23,14,1,27,3,3,54,18,5,3,114,1,253,178,9,2,14,8,42,19,19,6017219,299258,5717961,5666522,3925585,1591421,13295,128458,2445,5318,51439,47749,4210,14093,6892,562,7273,3852,1829,536,4417,569,42,253,748,2375,98,3084,1306,149,23,234,140,30,201,310,174,20,62,17,94,176,84,18,18,10,0,18,382,115,8,34,18,10,0,23,2,2,45,16,4,2,102,1,210,162,7,2,13,5,21,14,14
uPL,OR,000,02,0000001,2574873,2516752,2275322,38225,30731,76638,5492,90344,58121,54756,2721,22257,7280,1411,14492,829,354,74,859,388,129,907,1543,1271,241,3018,827,71,15,127,304,82,410,708,212,60,32,1,29,16,17,6,52,11,2,36,223,70,14,35,20,4,0,38,5,4,20,7,2,0,2,2,117,107,2,2,4,2,0,7,7,2574873,167539,2407334,2359945,2211384,36858,27697,75984,5134,2888,47389,44630,2474,21093,7067,1357,7598,779,335,66,530,345,112,194,1477,1056,147,2509,721,67,14,84,264,68,266,675,158,39,29,1,22,11,12,6,42,7,0,23,161,61,8,20,13,4,0,23,2,2,17,7,2,0,1,1,85,81,0,0,3,1,0,4,4
uPL,OH,000,02,0000001,8464801,8383518,7321138,886225,18152,101257,2018,54728,81283,75046,10230,25055,8629,729,15832,5439,1187,285,4068,405,47,609,761,1623,147,5661,3422,163,31,485,202,35,341,249,217,29,105,13,111,91,92,16,20,17,7,15,417,184,18,80,13,16,1,14,4,0,37,12,5,2,30,1,143,118,8,0,7,5,5,16,16,8464801,136785,8328016,8255925,7251418,880359,16514,100600,1721,5313,72091,66515,9712,24307,8437,671,10651,5261,1114,265,3292,369,38,225,729,1405,39,5104,3229,138,26,386,182,28,284,232,178,19,88,13,95,81,79,12,8,11,3,12,343,166,10,66,10,11,1,10,4,0,25,12,4,0,24,0,119,97,6,0,7,4,5,10,10
uPL,NY,000,02,0000001,14286350,13894470,10005390,2110598,55148,807527,6319,909488,391880,372021,26397,21577,26710,2140,153372,14516,8707,3909,65244,6503,274,7861,2664,28935,3212,17725,6590,951,85,2893,334,47,935,457,1402,252,419,65,813,213,1314,323,56,416,40,120,1629,795,26,341,68,136,21,38,25,3,50,31,25,19,45,6,462,349,66,1,27,17,2,43,43,14286350,1974551,12311799,12067663,9197989,1978647,35652,801553,3973,49849,244136,231564,15436,18481,25297,1788,66446,12733,8121,3615,41873,6034,140,2373,2610,25843,774,11110,4443,717,66,1051,264,37,287,404,1042,77,351,37,383,192,1185,194,32,264,3,81,1080,678,15,93,58,89,3,28,6,0,29,25,14,3,36,3,357,278,47,1,18,13,0,25,25
uPL,OK,000,02,0000001,2558294,2466046,2024909,176291,175086,35806,1651,52303,92248,89623,1978,67468,3709,462,8208,4122,407,89,744,399,95,734,428,687,93,2417,972,39,17,129,214,31,513,188,105,17,36,4,56,14,20,11,22,17,1,11,119,29,1,37,7,5,2,11,6,2,7,3,0,0,6,3,84,67,3,4,2,4,4,5,5,2558294,109226,2449068,2364065,1979637,174667,171677,35410,1470,1204,85003,82759,1842,66410,3602,417,3759,4013,371,78,458,365,84,381,411,536,32,2087,888,33,16,95,204,29,402,175,87,8,33,4,43,14,16,4,16,12,1,7,92,23,1,31,5,2,2,8,5,2,3,2,0,0,6,2,60,47,1,4,2,3,3,5,5
uPL,IN,000,02,0000001,4506089,4467390,4000251,345552,11516,45453,1428,63190,38699,36416,3894,13132,4375,503,9352,1348,518,96,1178,219,25,348,415,911,102,2031,922,57,13,215,110,19,200,167,115,23,55,5,40,32,27,7,8,7,0,9,185,62,6,38,16,4,1,14,6,0,23,8,1,0,6,0,60,51,5,0,1,2,1,7,7,4506089,138382,4367707,4336148,3934530,343149,10084,44986,1149,2250,31559,29623,3673,12673,4241,468,4408,1302,484,84,757,191,15,134,399,777,17,1730,854,52,13,179,86,16,137,140,89,12,46,4,37,25,22,5,4,2,0,7,148,51,4,34,15,4,0,8,5,0,18,4,1,0,4,0,51,45,4,0,0,2,0,7,7
uPL,PA,000,02,0000001,9358833,9282417,8142120,844489,13255,164678,2518,115357,76416,71087,9704,13421,8375,840,19775,5154,1468,655,5882,726,49,635,972,3015,416,4684,2501,211,19,537,145,41,199,235,250,58,109,9,123,50,105,28,16,19,3,26,430,166,12,119,30,29,2,16,2,0,16,13,7,0,15,3,187,165,11,0,4,3,4,28,28,9358833,245424,9113409,9051696,8036037,832144,11139,163677,2032,6667,61713,57302,8557,12820,8149,771,11432,4913,1387,610,4046,669,37,222,957,2677,55,3911,2181,193,17,387,134,38,135,217,211,20,97,5,91,42,88,16,10,11,1,17,313,145,9,55,24,21,2,12,1,0,16,11,6,0,11,0,164,147,9,0,4,1,3,23,23
uPL,AR,000,02,0000001,1993031,1971376,1639443,278007,12490,15177,1057,25202,21655,20610,909,12057,1554,211,3572,744,235,51,311,87,39,166,242,326,106,845,311,14,3,47,60,10,135,85,41,13,8,3,13,41,25,15,6,6,0,9,113,32,1,11,7,1,0,12,3,0,16,4,1,0,25,0,80,69,2,0,1,7,1,7,7,1993031,54850,1938181,1919522,1614701,276569,11810,14964,934,544,18659,17768,850,11746,1504,195,1556,730,211,43,195,74,35,80,238,244,67,731,283,13,3,39,54,9,106,81,31,10,7,3,12,37,16,13,3,4,0,7,94,26,1,8,7,1,0,12,2,0,14,3,0,0,20,0,63,54,1,0,1,6,1,3,3
uPL,KY,000,02,0000001,3046951,3024030,2772539,206858,6546,22572,1048,14467,22921,21584,1876,10067,2469,375,3974,814,324,83,625,136,22,178,190,386,65,1139,465,36,5,97,72,15,121,133,83,7,18,4,20,26,9,10,7,3,1,7,114,42,2,14,9,2,0,11,2,0,22,3,0,0,7,0,79,61,6,1,4,5,2,5,5,3046951,41061,3005890,2985448,2749608,205287,6098,22317,912,1226,20442,19288,1789,9853,2387,337,2584,790,305,76,464,119,21,66,181,297,19,997,430,33,5,86,54,13,101,123,68,4,16,4,16,19,9,6,3,1,1,5,86,38,2,8,4,2,0,4,2,0,17,3,0,0,6,0,67,55,4,0,3,4,1,4,4
uPL,DE,000,02,0000001,589013,582294,454158,103489,2064,12333,220,10030,6719,6262,772,1151,789,51,1505,610,183,51,681,46,3,117,57,219,27,411,215,13,1,54,10,2,32,14,12,5,7,3,26,8,5,0,0,1,2,1,32,10,0,11,0,3,0,0,0,0,3,2,0,0,3,0,12,12,0,0,0,0,0,2,2,589013,23712,565301,560004,443055,102225,1797,12249,186,492,5297,4936,692,1100,775,47,706,572,176,47,490,45,2,25,57,191,11,325,193,9,0,35,7,2,11,14,11,3,6,3,20,6,4,0,0,0,0,1,24,9,0,7,0,0,0,0,0,0,3,2,0,0,3,0,12,12,0,0,0,0,0,0,0
uPL,AL,000,02,0000001,3323678,3296426,2440176,796342,16144,23724,1063,18977,27252,25799,1385,13187,2654,228,3875,1672,657,182,741,171,14,282,257,444,50,1223,498,34,8,64,66,9,138,100,63,17,23,5,26,79,50,14,9,4,2,14,146,31,3,20,14,0,1,8,1,0,18,8,1,0,39,2,72,38,8,1,13,6,6,12,12,3323678,50955,3272723,3248249,2414670,792634,15614,23465,806,1060,24474,23200,1326,12963,2569,216,2329,1643,577,163,546,150,7,104,249,348,10,1087,487,30,7,50,63,8,114,92,45,9,20,4,18,66,41,12,6,2,2,11,118,29,1,18,12,0,0,5,1,0,15,7,1,0,27,2,57,30,7,0,13,5,2,12,12
uPL,ME,000,02,0000001,973685,966547,949142,4182,4816,6392,277,1738,7138,6803,464,3686,909,107,1094,80,45,14,141,33,8,45,49,118,10,288,114,10,1,32,27,1,40,24,18,1,3,0,8,2,0,2,1,3,0,1,20,9,0,2,0,0,0,5,1,0,3,0,0,0,0,0,27,26,0,0,1,0,0,0,0,973685,5770,967915,961194,945473,3990,4717,6337,244,433,6721,6423,434,3644,892,103,891,76,38,8,118,28,8,31,47,103,2,260,105,8,0,31,27,1,33,22,16,1,3,0,8,0,0,2,1,1,0,1,17,9,0,1,0,0,0,5,0,0,2,0,0,0,0,0,21,20,0,0,1,0,0,0,0
uPL,MN,000,02,0000001,3632585,3593694,3321004,107423,34360,88137,1413,41357,38891,36785,4248,11102,4756,459,7004,1293,514,122,3407,429,25,386,1120,1826,94,1892,962,83,10,157,91,24,93,205,91,11,28,2,28,12,21,24,20,14,4,12,152,73,5,22,15,3,1,12,2,2,9,5,1,0,1,1,58,55,2,0,1,0,0,4,4,3632585,87742,3544843,3511762,3281738,105852,32890,87602,1245,2435,33081,31288,3910,10551,4662,428,3324,1229,483,113,3121,409,17,181,1107,1716,37,1616,855,75,10,111,78,22,59,194,72,7,25,2,20,10,16,22,17,12,1,8,124,63,4,17,15,1,1,10,0,0,6,5,1,0,1,0,49,47,1,0,1,0,0,4,4
uPL,NC,000,02,0000001,6085266,6027519,4527155,1218470,69522,82637,2902,126833,57747,53847,4561,13661,5968,672,14725,4085,1288,328,3426,537,117,1143,687,2313,336,3430,1560,108,16,353,125,29,297,278,228,33,81,12,75,73,71,11,17,22,4,37,294,99,10,39,20,6,1,26,0,4,32,11,2,1,40,3,162,138,5,0,9,7,3,14,14,6085266,258873,5826393,5782493,4418686,1209207,66772,81796,2306,3726,43900,40654,3774,13160,5775,597,6156,3946,1224,303,2191,452,92,403,656,1854,71,2889,1428,88,15,244,113,28,195,255,177,17,76,11,65,65,51,8,12,12,3,26,236,86,10,32,13,4,1,23,0,3,28,1,2,1,32,0,111,100,4,0,2,2,3,10,10
uPL,NH,000,02,0000001,926224,918670,893395,6311,2163,11913,276,4612,7554,7157,580,2994,1082,99,1663,106,59,12,172,53,4,50,58,209,16,339,137,12,0,31,23,2,38,40,30,4,5,0,4,1,4,1,1,5,0,1,40,21,4,8,3,0,0,2,2,0,0,0,0,0,0,0,18,17,1,0,0,0,0,0,0,926224,12702,913522,906762,886088,5877,1997,11833,246,721,6760,6417,524,2932,1060,97,1209,98,53,10,108,48,3,30,56,188,1,294,121,11,0,18,23,1,37,38,27,3,5,0,2,1,4,1,1,0,0,1,34,21,0,7,2,0,0,2,2,0,0,0,0,0,0,0,15,14,1,0,0,0,0,0,0
uPL,IL,000,02,0000001,9173842,9037979,6957100,1268979,21591,324293,3411,462605,135863,129796,8983,17555,14675,1119,63632,4515,1646,357,5702,1370,55,1715,1705,5862,905,5485,2391,220,29,569,261,43,535,280,503,56,116,13,134,70,133,32,23,38,6,33,438,184,15,111,31,16,5,17,11,1,12,12,3,0,17,3,124,103,10,1,5,3,2,20,20,9173842,977952,8195890,8105876,6503679,1256973,13465,322067,2394,7298,90014,85330,7595,15795,14089,1024,28714,4290,1565,331,3677,1215,32,273,1652,4970,108,4270,2082,187,24,350,216,40,227,259,404,19,99,12,93,62,108,16,21,23,1,27,311,155,9,70,22,9,1,12,3,0,6,7,2,0,14,1,89,72,8,1,3,3,2,14,14
uPL,ID,000,02,0000001,924923,911459,853928,3557,11611,9134,908,32321,13464,12798,385,5105,1610,295,4376,92,37,5,120,83,18,239,193,200,40,578,96,10,0,18,57,14,96,132,95,14,4,4,2,15,6,0,3,6,2,4,44,12,2,5,7,0,1,9,4,0,2,1,1,0,0,0,44,44,0,0,0,0,0,0,0,924923,58788,866135,855977,831544,3243,10595,8991,843,761,10158,9671,334,4793,1548,277,2080,81,28,5,48,69,15,72,185,118,18,424,81,8,0,16,46,13,65,126,40,5,4,1,2,4,4,0,3,2,0,4,30,9,0,3,5,0,0,8,1,0,2,1,1,0,0,0,33,33,0,0,0,0,0,0,0
uPL,NM,000,02,0000001,1310472,1272509,922391,23660,108530,14718,1025,202185,37963,36484,1023,7214,2002,254,21795,453,163,15,655,165,57,1653,217,680,138,1320,397,21,5,70,80,8,376,96,128,25,17,1,32,6,17,2,3,23,4,9,103,29,2,34,3,1,0,9,4,1,8,1,3,1,6,1,52,43,8,0,0,0,1,4,4,1310472,506580,803892,788788,648194,21865,101717,14125,713,2174,15104,14214,801,5601,1783,212,3959,396,143,13,164,116,42,490,187,284,23,793,303,13,5,32,55,6,156,81,73,6,16,0,20,5,9,1,1,8,1,2,63,23,1,16,3,0,0,7,2,1,3,0,0,1,6,0,34,26,7,0,0,0,1,0,0
uPL,CT,000,02,0000001,2563877,2519687,2147418,210363,6740,60941,971,93254,44190,41824,3673,5368,3299,354,16975,2437,555,489,5299,269,33,494,406,1869,304,2148,982,81,19,324,83,13,155,89,113,42,32,11,77,19,57,23,5,12,3,8,164,48,10,44,5,11,6,11,5,0,11,8,2,1,2,0,52,45,4,0,2,0,1,2,2,2563877,204664,2359213,2327479,2053286,202510,5192,60461,718,5312,31734,29959,2810,5056,3189,313,8869,2285,514,476,4050,228,14,99,402,1604,50,1621,787,63,16,205,74,12,88,84,76,13,29,11,59,17,54,16,4,6,0,7,114,36,6,28,3,8,1,11,2,0,10,5,2,0,2,0,38,35,1,0,1,0,1,2,2
uPL,MD,000,02,0000001,3940314,3881173,2602966,1040141,11304,160943,1743,64076,59141,54497,5374,7392,7473,478,14555,4644,1811,587,7293,623,55,583,748,2682,199,4174,2290,223,22,363,129,16,169,185,246,24,108,17,132,58,109,31,10,20,1,21,344,183,8,62,9,9,5,13,5,0,14,8,10,2,16,0,111,93,13,0,0,3,2,15,15,3940314,155820,3784494,3737742,2529039,1032211,9886,160129,1469,5008,46752,42784,4796,6847,7225,426,6843,4499,1744,559,5846,565,46,211,722,2378,77,3582,2095,204,21,240,114,15,85,166,205,15,96,17,112,50,94,16,7,10,1,19,281,160,8,45,7,6,3,12,2,0,12,8,7,0,11,0,95,81,9,0,0,3,2,10,10
uPL,WY,000,02,0000001,364909,360037,339875,2623,7059,2180,205,8095,4872,4683,175,2101,431,68,1545,41,23,3,35,26,6,131,37,56,5,172,47,4,0,7,14,2,51,22,13,3,1,0,2,0,0,1,3,0,0,2,7,1,1,0,3,0,1,0,0,0,1,0,0,0,0,0,10,10,0,0,0,0,0,0,0,364909,20011,344898,341270,329624,2523,6518,2109,185,311,3628,3478,161,1943,409,65,692,35,20,3,15,22,5,37,36,32,3,138,41,4,0,7,13,1,37,19,8,3,1,0,1,0,0,1,1,0,0,1,5,0,1,0,3,0,0,0,0,0,1,0,0,0,0,0,7,7,0,0,0,0,0,0,0
uPL,LA,000,02,0000001,3249177,3219218,2174322,965052,17247,40038,913,21646,29959,27650,2114,8297,3043,289,7940,1811,690,170,1601,232,19,348,261,698,137,1925,809,62,1,205,92,5,180,111,138,11,34,3,68,118,48,11,14,7,1,7,270,50,2,88,23,5,1,13,1,0,8,14,3,0,58,4,99,80,5,2,2,6,4,15,15,3249177,77083,3172094,3147727,2128485,959622,16315,39702,800,2803,24367,22450,1953,7923,2898,260,4541,1734,623,146,1113,217,16,185,253,568,20,1619,728,48,1,173,80,5,136,100,93,3,32,3,55,96,44,6,10,1,0,5,198,29,2,62,14,5,0,11,0,0,7,13,2,0,49,4,90,74,4,0,2,6,4,10,10
uPL,WA,000,02,0000001,4380278,4269475,3674903,131323,62084,245735,15968,139462,110803,103389,6854,31566,19883,2944,23584,2276,1789,250,2695,1442,276,1315,4015,4071,429,6640,1911,268,33,385,710,130,594,1432,517,84,146,25,85,52,51,13,80,31,8,85,545,233,26,51,35,9,0,97,21,3,47,8,4,2,4,5,211,190,9,1,6,2,3,18,18,4380278,264099,4116179,4022810,3570441,128284,57677,243848,15276,7284,93369,87132,6349,29875,19163,2805,13169,2116,1733,224,2078,1304,236,533,3873,3440,234,5612,1689,241,30,273,624,118,403,1314,394,56,133,23,69,46,42,9,63,19,5,61,449,208,25,39,26,7,0,77,13,3,35,7,2,0,4,3,169,151,8,0,6,1,3,7,7
uPL,MT,000,02,0000001,672133,663517,620530,1770,33986,3399,341,3491,8616,8281,266,5330,784,138,1219,140,17,3,30,78,20,113,76,58,9,282,87,14,0,7,29,7,49,55,21,0,1,0,2,0,1,1,3,5,0,0,30,5,2,3,1,0,0,4,2,0,10,3,0,0,0,0,23,19,0,0,3,1,0,0,0,672133,10731,661402,653599,614700,1683,33204,3327,308,377,7803,7520,248,5153,755,132,792,128,17,3,17,73,18,61,73,44,6,242,77,12,0,7,25,7,39,53,15,0,0,0,2,0,1,0,3,1,0,0,24,3,2,2,1,0,0,3,2,0,10,1,0,0,0,0,17,16,0,0,0,1,0,0,0
uPL,SC,000,02,0000001,3002371,2979745,2097372,815702,9964,27486,1218,28003,22626,20951,1746,6500,2541,302,4829,1613,638,168,944,187,32,398,274,649,130,1376,567,29,6,115,69,14,98,126,62,18,41,2,27,81,51,10,14,21,9,16,196,56,6,20,11,2,0,15,2,0,27,20,2,0,31,4,93,74,5,0,8,3,3,10,10,3002371,67122,2935249,2916603,2066282,811439,9275,27155,955,1497,18646,17202,1583,6330,2456,286,2591,1568,579,138,608,162,20,115,260,462,44,1188,529,24,5,87,62,13,82,119,55,10,35,2,23,72,37,7,9,8,0,9,169,55,6,18,10,1,0,12,1,0,19,19,1,0,26,1,80,65,5,0,8,1,1,7,7
uPL,ND,000,02,0000001,481351,477777,452310,2602,18425,2703,143,1594,3574,3429,186,1703,448,54,727,53,33,10,84,24,5,33,27,40,2,128,44,11,2,6,11,1,15,18,7,1,3,0,1,3,1,0,2,0,0,2,12,3,1,2,0,1,0,4,0,0,1,0,0,0,0,0,4,4,0,0,0,0,0,1,1,481351,4583,476768,473503,449830,2501,18209,2674,135,154,3265,3144,177,1663,433,53,551,52,29,10,74,20,5,21,26,30,0,110,37,10,2,4,8,0,15,18,6,1,3,0,0,1,1,0,2,0,0,2,7,2,0,0,0,0,0,4,0,0,1,0,0,0,0,0,3,3,0,0,0,0,0,1,1
uPL,CA,000,02,0000001,24621819,23685499,15406430,1572569,226960,2821631,79401,3578508,936320,888581,33923,121197,114986,14893,437415,17447,11637,1774,23360,9470,1113,18906,26477,49925,6058,42965,11680,1548,222,2751,3196,604,5114,6403,5747,952,805,122,820,396,631,149,406,499,72,848,3725,1568,125,580,154,155,22,407,184,43,305,57,53,10,45,17,965,756,120,12,30,28,19,84,84,24621819,6915731,17706088,17164055,12593932,1528106,129872,2793113,71930,47102,542033,507516,28386,97974,105783,13285,147287,16158,10924,1610,11372,7095,796,2553,25426,36124,2743,31084,9852,1267,194,1589,2309,454,2252,5756,3665,491,672,80,617,325,451,91,305,106,19,589,2735,1339,93,358,112,93,15,307,86,21,189,39,32,7,36,8,656,545,73,2,13,16,7,42,42
uPL,MA,000,02,0000001,4849033,4758677,4180644,236027,10415,178698,1799,151094,90356,85889,7276,9126,7875,1216,34303,2635,948,673,15127,502,45,894,830,3495,944,4028,1508,146,22,834,133,31,264,185,269,76,67,8,177,40,116,85,12,27,6,22,333,144,12,91,8,16,4,12,5,0,12,8,7,1,9,4,99,86,6,0,0,5,2,7,7,4849033,271003,4578030,4508514,4069567,220658,8150,177829,1317,30993,69516,66120,5282,8606,7669,1132,22345,2461,868,615,12244,466,27,282,815,3041,267,3061,1240,123,20,522,121,29,142,175,215,49,61,7,138,25,97,64,7,8,3,15,243,120,8,58,4,9,4,10,4,0,8,5,6,0,7,0,85,73,5,0,0,5,2,7,7
uPL,CO,000,02,0000001,3200466,3133488,2712698,114702,31098,71592,3292,200106,66978,63401,3437,16533,7664,921,25223,1581,783,137,1853,415,80,1933,968,1635,238,3233,1001,120,25,198,230,44,556,506,263,46,48,9,52,16,31,6,26,21,12,23,219,79,5,32,11,8,4,36,12,0,12,14,1,0,1,4,120,114,3,0,3,0,0,5,5,3200466,476879,2723587,2682662,2473860,111334,21053,70384,2807,3224,40925,38303,3017,13740,7196,829,7402,1428,754,121,990,295,63,368,901,1137,62,2372,850,106,21,137,173,27,222,458,173,28,47,7,31,14,27,1,22,6,8,14,145,65,5,16,10,3,3,25,7,0,7,1,0,0,1,2,101,96,3,0,2,0,0,4,4
uPL,FL,000,02,0000001,12336038,12091092,9960984,1560928,39564,204194,6345,319077,244946,234752,12816,33383,20501,2163,94421,5036,5297,3624,44023,1122,154,2765,1769,6690,988,9150,2308,787,107,1465,402,71,776,588,925,223,147,30,193,245,519,159,38,75,29,63,749,272,14,124,44,62,25,48,15,4,40,22,7,1,67,4,283,227,22,0,18,8,8,12,12,12336038,1980176,10355862,10205367,8439743,1511373,31885,201038,5172,16156,150495,143347,8192,31187,19034,1762,24738,4696,5020,3410,36391,943,111,558,1709,5276,320,6363,1744,650,83,755,338,61,390,551,615,46,124,27,120,226,454,84,28,14,13,40,563,239,9,62,42,46,11,41,10,2,26,14,5,0,55,1,215,180,16,0,6,6,7,7,7
uPL,PR,000,02,0000001,2716509,2603930,2190027,221427,9041,5595,683,177157,112579,104132,61614,931,1028,274,23446,1004,399,117,9167,796,37,2560,33,2234,492,7805,3284,1047,30,2420,40,3,190,27,169,51,27,9,137,17,170,23,7,135,5,14,602,31,8,418,6,102,7,2,4,0,10,7,6,0,0,1,37,25,0,1,5,2,4,3,3,2716509,2681324,35185,33220,26100,3873,434,2313,234,266,1965,1854,435,72,368,29,582,29,26,12,144,65,4,25,9,48,6,91,29,4,2,7,10,0,5,7,13,2,1,2,1,1,0,0,1,2,0,4,5,1,0,1,0,0,0,1,0,0,0,1,1,0,0,0,15,11,0,0,0,0,4,0,0
uPL,AK,000,02,0000001,436215,420279,318438,14498,60252,18418,1937,6736,15936,14984,511,8492,1549,273,1917,393,127,27,174,458,96,246,402,275,44,861,230,18,2,31,186,30,129,101,60,9,8,1,8,5,2,1,21,7,0,12,70,21,1,8,3,2,0,13,7,2,11,2,0,0,0,0,21,20,0,0,0,1,0,0,0,436215,15588,420627,406215,311655,14113,59553,18193,1869,832,14412,13569,462,8248,1487,259,1178,378,118,24,77,436,87,178,389,221,27,770,212,18,1,24,173,29,108,93,47,8,8,0,7,5,1,0,21,6,0,9,55,18,0,7,1,0,0,10,7,1,9,2,0,0,0,0,18,17,0,0,0,1,0,0,0
uPL,KS,000,02,0000001,1975425,1946901,1734297,103812,17100,34587,922,56183,28524,27179,1850,11616,2631,346,6707,1249,322,63,712,158,27,370,332,701,95,1209,533,41,5,89,79,13,165,82,73,15,31,3,32,10,14,3,6,6,3,6,103,51,5,15,8,0,1,7,3,1,4,4,2,0,1,1,31,28,1,0,0,2,0,2,2,1975425,114339,1861086,1838920,1684880,102369,15507,34260,817,1087,22166,21060,1707,11160,2546,314,2209,1186,311,57,404,139,18,106,314,567,22,995,476,36,4,63,71,13,100,78,54,9,29,2,30,8,7,3,4,3,1,4,86,44,4,14,8,0,0,6,1,0,2,4,2,0,0,1,23,20,1,0,0,2,0,2,2
uPL,RI,000,02,0000001,800497,783588,698952,31339,3244,16942,410,32701,16909,16056,1225,1750,1231,229,6081,974,110,84,2839,103,5,269,148,788,220,787,247,13,5,194,26,8,54,40,49,19,14,2,55,3,18,19,3,7,3,8,54,15,3,19,0,4,0,6,0,0,0,0,4,2,1,0,11,10,0,0,1,0,0,1,1,800497,55818,744679,732012,678358,28337,2723,16807,250,5537,12667,11989,901,1670,1200,211,3713,923,101,60,2106,89,5,98,140,679,93,622,208,11,4,135,22,7,44,38,39,8,12,0,51,3,12,17,1,2,1,7,48,12,3,16,0,4,0,6,0,0,0,0,4,2,1,0,7,6,0,0,1,0,0,1,1
uPL,VT,000,02,0000001,461304,456857,448411,1980,1765,3699,103,899,4447,4239,244,2535,476,44,643,65,21,7,46,14,2,32,19,86,5,186,104,15,1,7,14,1,25,6,6,1,0,0,1,2,2,0,1,0,0,0,11,5,0,0,1,0,0,3,1,0,1,0,0,0,0,0,11,11,0,0,0,0,0,0,0,461304,3668,457636,453444,445764,1901,1717,3659,91,312,4192,4013,228,2490,466,39,527,61,20,7,36,14,2,24,18,78,3,160,85,15,1,6,14,0,22,6,6,0,0,0,1,1,2,0,1,0,0,0,10,5,0,0,1,0,0,2,1,0,1,0,0,0,0,0,9,9,0,0,0,0,0,0,0
uPL,WV,000,02,0000001,1405951,1396727,1342079,42423,2839,7372,290,1724,9224,8658,891,4677,963,140,1221,277,88,19,130,25,8,40,56,113,10,503,249,16,0,33,31,4,64,39,27,2,9,0,4,5,6,1,0,0,0,13,42,14,2,9,2,0,0,5,2,0,7,1,0,0,0,0,20,15,2,0,0,0,3,1,1,1405951,8400,1397551,1388772,1335869,42160,2744,7320,243,436,8779,8244,868,4618,929,131,999,273,87,10,106,23,6,30,53,107,4,482,245,16,0,33,29,4,58,38,24,2,8,0,4,4,6,1,0,0,0,10,37,13,2,9,2,0,0,2,1,0,7,1,0,0,0,0,15,11,1,0,0,0,3,1,1
uPL,NE,000,02,0000001,1261021,1249783,1149984,44352,8956,16125,620,29746,11238,10644,877,3193,1532,152,3235,368,130,28,336,70,6,206,148,307,56,521,200,14,2,52,35,6,57,60,32,9,4,1,20,9,4,0,7,5,1,3,40,8,0,8,4,1,0,6,1,0,10,1,0,0,0,1,29,26,2,0,1,0,0,4,4,1261021,57207,1203814,1195443,1126368,43823,8227,15956,485,584,8371,7892,824,2982,1484,143,1186,347,123,27,244,61,5,61,141,246,18,418,178,12,2,36,29,4,40,50,19,5,4,1,16,5,3,0,7,4,0,3,32,8,0,7,4,0,0,2,1,0,9,1,0,0,0,0,25,23,2,0,0,0,0,4,4
uPL,HI,000,02,0000001,915770,766511,245106,16129,2821,415365,75840,11250,149259,107921,853,4596,29204,20784,5891,515,694,507,277,981,825,160,37418,4056,1160,36373,505,123,104,69,1197,643,168,27474,2042,1982,98,34,20,235,23,22,664,42,43,885,4716,170,45,18,121,15,13,1485,51,61,2660,35,4,0,9,29,238,106,10,2,19,97,4,11,11,915770,52534,863236,733029,232643,15405,2026,408429,73195,1331,130207,95476,757,3955,26519,19289,3829,470,645,463,145,707,718,35,34693,2527,724,31027,429,94,85,41,876,523,89,24480,1459,1651,76,28,9,212,12,14,470,12,24,443,3555,155,38,9,102,11,8,1039,22,36,2084,29,4,0,5,13,143,65,5,2,7,63,1,6,6
uPL,WI,000,02,0000001,3994919,3962813,3635741,189140,30560,53286,1143,52943,32106,30222,3124,9996,3680,423,8110,1165,306,47,856,327,33,342,662,1070,81,1678,811,48,8,154,73,15,141,192,77,15,29,3,42,9,19,18,9,7,0,8,123,55,4,22,16,1,0,11,5,1,3,1,0,0,2,2,66,61,1,1,1,2,0,17,17,3994919,117682,3877237,3852321,3580952,187021,28845,52872,965,1666,24916,23407,2833,9516,3561,400,3080,1101,290,43,512,305,29,111,655,952,19,1370,709,45,8,101,62,14,74,183,55,5,27,1,30,8,18,16,9,1,0,4,78,43,2,9,8,0,0,8,2,1,2,0,0,0,1,2,53,49,0,1,1,2,0,8,8
uPL,NV,000,02,0000001,1486458,1443104,1154389,92970,18352,71303,5956,100134,43354,40524,2097,7209,5747,1190,16877,840,532,102,1234,279,74,613,1810,1690,230,2568,492,69,13,196,155,48,264,789,222,63,32,6,37,29,43,4,24,9,6,67,201,43,3,25,17,7,2,41,6,0,42,5,0,0,9,1,52,48,2,1,1,0,0,9,9,1486458,247736,1238722,1210462,1026822,90770,15340,70291,5573,1666,28260,26006,1807,6445,5445,1105,5531,806,503,97,741,229,52,142,1699,1296,108,2052,443,56,12,117,123,43,141,726,163,36,28,6,35,22,33,2,16,2,3,45,154,39,2,15,13,4,1,35,3,0,32,3,0,0,6,1,45,43,1,1,0,0,0,3,3
uPL,SD,000,02,0000001,552195,547529,504214,3073,34479,3133,190,2440,4666,4500,185,2712,462,41,651,102,24,2,122,39,21,40,51,45,3,155,71,7,1,5,8,0,25,22,8,0,2,1,0,1,0,1,1,0,2,0,7,3,1,0,0,1,0,0,0,0,2,0,0,0,0,0,2,2,0,0,0,0,0,2,2,552195,6382,545813,541595,501231,3009,33939,3092,158,166,4218,4073,174,2620,449,39,398,98,22,2,111,33,21,21,50,35,0,135,65,4,0,4,7,0,21,21,7,0,2,0,0,1,0,1,1,0,1,0,6,3,1,0,0,0,0,0,0,0,2,0,0,0,0,0,2,2,0,0,0,0,0,2,2
uPL,NJ,000,02,0000001,6326792,6189537,4709563,798988,13815,355806,2404,308961,137255,130786,9451,8122,11035,915,63112,5190,2311,1037,16734,1719,61,1885,1038,7180,996,5740,2413,287,37,887,148,26,356,185,502,103,112,38,191,77,180,61,21,62,15,39,531,284,20,115,21,25,5,16,5,2,12,4,6,7,6,3,177,131,24,0,14,7,1,21,21,6326792,778397,5548395,5463622,4317152,770340,8249,353721,1633,12527,84773,80326,6219,7088,10537,749,26898,4842,2129,980,11568,1543,31,320,1023,6208,191,3917,1887,217,29,397,125,25,102,169,374,25,90,27,135,61,146,39,13,24,1,31,375,247,13,41,15,18,1,13,3,1,7,3,4,3,4,2,147,110,22,0,8,6,1,8,8
uPL,DC,000,02,0000001,457067,446783,158946,257012,1361,13437,277,15750,10284,9294,1024,529,935,54,2728,1100,361,84,1879,42,4,98,92,327,37,908,540,36,3,98,17,1,34,27,39,3,25,3,33,9,22,13,0,2,1,2,73,38,2,14,4,3,1,3,1,0,3,0,2,0,2,0,8,7,1,0,0,0,0,1,1,457067,33525,423542,416117,145483,254687,1036,13318,226,1367,7425,6623,856,416,904,42,1054,1073,339,81,1449,32,2,25,89,249,12,746,495,30,3,48,15,1,15,23,27,1,23,2,29,5,17,9,0,0,1,2,50,26,2,9,2,3,0,1,0,0,3,0,2,0,2,0,6,5,1,0,0,0,0,0,0
uPL,TX,000,02,0000001,14965061,14659207,10948322,1653377,82854,420011,9835,1544808,305854,295241,9612,49653,23649,2102,167103,5252,2781,660,11085,2010,158,5902,2628,11042,1604,9296,2657,297,51,882,490,89,1602,805,1085,230,129,11,238,201,217,50,45,102,28,87,856,325,13,149,52,20,12,55,32,8,63,27,8,12,72,8,407,316,48,0,13,13,17,54,54,14965061,4282901,10682160,10543445,8426166,1631448,51540,415219,7575,11497,138715,131305,7725,43925,21996,1762,28314,4875,2597,605,6036,1523,87,1022,2496,8057,285,6445,2156,234,38,510,378,65,819,726,658,73,113,10,161,192,174,33,35,15,3,52,613,274,10,75,40,12,7,46,10,5,41,21,5,8,56,3,318,253,32,0,7,11,15,34,34
uPL,TN,000,02,0000001,4290762,4254477,3524497,636300,11530,42365,1597,38188,36285,34271,2399,14745,4052,494,6985,1593,538,137,1402,228,24,343,324,890,117,1751,680,46,5,137,116,20,224,172,131,25,33,1,43,38,42,11,8,9,4,6,180,58,3,18,9,10,2,17,4,1,28,7,5,0,17,1,79,67,4,0,2,3,3,4,4,4290762,84939,4205823,4173962,3484735,633387,10607,41948,1307,1978,31861,30098,2155,14417,3951,459,4418,1549,497,128,1107,201,14,131,306,729,36,1550,650,42,5,112,110,17,181,164,104,16,24,1,37,33,32,7,6,5,0,4,145,55,2,15,6,7,1,14,3,1,23,2,3,0,13,0,66,59,2,0,2,1,2,2,2
uPL,MO,000,02,0000001,4167519,4121256,3600107,424275,18284,47110,2201,29279,46263,43805,3302,20221,4644,632,8229,2195,638,132,1538,194,37,357,801,804,81,2142,902,55,7,156,150,34,256,198,128,16,45,6,50,46,43,10,12,6,1,21,198,69,8,32,14,1,0,17,6,2,15,4,4,0,24,2,107,93,5,0,2,2,5,11,11,4167519,75962,4091557,4050315,3559685,422160,17177,46733,2044,2516,41242,39084,3144,19697,4523,606,5157,2120,615,120,1256,168,31,149,776,684,38,1913,841,47,6,126,142,29,209,186,107,12,43,6,42,43,37,8,9,3,1,16,166,65,6,29,9,0,0,14,2,2,10,2,3,0,22,2,72,62,4,0,0,1,5,7,7
uPL,IA,000,02,0000001,2192686,2177870,2082142,39813,5841,26330,748,22996,14816,14039,1477,4613,1848,264,3903,349,128,29,329,134,15,170,225,511,44,693,316,19,5,77,47,7,53,77,45,13,3,1,6,6,5,4,2,3,0,4,49,19,2,6,3,1,0,8,1,1,3,4,1,0,0,0,33,25,2,1,0,0,5,2,2,2192686,49746,2142940,2131037,2058862,39254,5276,26126,679,840,11903,11258,1392,4385,1799,254,1824,337,122,24,242,120,12,51,223,456,17,573,284,14,4,61,42,7,31,66,31,12,3,1,3,6,2,2,0,0,0,4,39,19,2,2,2,1,0,6,0,0,2,4,1,0,0,0,31,25,1,0,0,0,5,2,2
